Food,Measure,Grams,Calories,Protein,Fat,Sat.Fat,Fiber,Carbs,Category,Cluster,PC1,PC2
Buttermilk,1 cup,246,127.0,9,5,4.0,0.0,13.0,Dairy products,0,0.377817559590896,-0.3348582223907543
Evaporated undiluted,1 cup,252,345.0,16,20,18.0,0.0,24.0,Dairy products,2,2.6722058310009054,0.7084832653618118
Goats' milk,1 cup,244,165.0,8,10,8.0,0.0,11.0,Dairy products,0,0.6570741874893715,-0.008036975264388957
Cocoa,1 cup,252,235.0,8,11,10.0,0.0,26.0,Dairy products,0,0.9814091148347828,0.5986748552552041
skim. milk,1 cup,250,128.0,18,4,3.0,1.0,13.0,Dairy products,2,1.2701592517376223,-1.007186536963881
(cornstarch),1 cup,248,275.0,9,10,9.0,0.0,40.0,Dairy products,0,1.1968479840070385,0.9259081846767288
Custard,1 cup,248,285.0,13,14,11.0,0.0,28.0,Dairy products,0,1.8408535963818475,0.5731295530994929
Ice cream,1 cup,188,300.0,6,18,16.0,0.0,29.0,Dairy products,0,1.3555042492594511,1.2481164338569872
Ice milk,1 cup,190,275.0,9,10,9.0,0.0,32.0,Dairy products,0,1.2004756545595914,0.8079835798631483
Cream or half-and-half,1/2 cup,120,170.0,4,15,13.0,0.0,5.0,Dairy products,0,0.491500264550084,0.30664329789413824
Cheddar,1-in. cube,17,70.0,4,6,5.0,0.0,0.0,Dairy products,0,-0.32340716921630175,-0.44253829002701334
Cheddar grated cup,1/2 cup,56,226.0,14,19,17.0,0.0,1.0,Dairy products,2,1.9435422027958413,-0.1273231992770253
Cream cheese,1 oz.,28,105.0,2,11,10.0,0.0,1.0,Dairy products,0,-0.16174246949121585,-0.013700281204063025
Processed cheese,1 oz.,28,105.0,7,9,8.0,0.0,0.0,Dairy products,0,0.26774997742447687,-0.4294360896914569
Roquefort type,1 oz.,28,105.0,6,9,8.0,0.0,0.0,Dairy products,0,0.1637621420789812,-0.35582058277052414
Swiss,1 oz.,28,105.0,7,8,7.0,0.0,0.0,Dairy products,0,0.2222998831090497,-0.445894938831973
Eggs raw,2,100,150.0,12,12,10.0,0.0,0.0,Dairy products,0,1.107695182658535,-0.5108299964329643
Eggs Scrambled or fried,2,128,220.0,13,16,14.0,0.0,1.0,Dairy products,2,1.678716651762691,-0.13472518383652188
Yolks,2,34,120.0,6,10,8.0,0.0,0.0,Fats Oils Shortenings,0,0.27043081824784143,-0.2602593734828052
Butter,1T.,14,100.0,0,11,10.0,0.0,0.0,Fats Oils Shortenings,0,-0.38967087531428224,0.09242270365370395
Margarine 2 pat or,1 T.,14,100.0,0,11,9.0,0.0,0.0,Fats Oils Shortenings,0,-0.38967087531428224,0.09242270365370395
Mayonnaise,1 T.,15,110.0,0,12,5.0,0.0,0.0,Fats Oils Shortenings,0,-0.3034083930965662,0.16161645955902199
Corn oil,1 T.,14,125.0,0,14,5.0,0.0,0.0,Fats Oils Shortenings,0,-0.15128962261227896,0.27363651798725697
Olive oil,1T.,14,125.0,0,14,3.0,0.0,0.0,Fats Oils Shortenings,0,-0.15128962261227896,0.27363651798725697
Safflower seed oil,1 T.,14,125.0,0,14,3.0,0.0,0.0,Fats Oils Shortenings,0,-0.15128962261227896,0.27363651798725697
French dressing,1 T.,15,60.0,0,6,2.0,0.0,2.0,Fats Oils Shortenings,0,-0.781077816138711,-0.17133001790468888
Thousand Island sauce,1 T.,15,75.0,0,8,3.0,0.0,1.0,Fats Oils Shortenings,0,-0.6285055868353545,-0.0740505350781514
Bacon,2 slices,16,95.0,4,8,7.0,0.0,1.0,Meat Poultry,0,-0.13092946964879493,-0.26304274923227894
Beef,3 oz.,85,245.0,23,16,15.0,0.0,0.0,Meat Poultry,2,2.8210794337924376,-0.7537835617355431
Hamburger,3 oz.,85,245.0,21,17,15.0,0.0,0.0,Meat Poultry,2,2.658553857416874,-0.5900936987531613
Ground lean,3 oz.,85,185.0,24,10,9.0,0.0,0.0,Meat Poultry,2,2.407492375831638,-1.2425616040883838
Steak lean as round,3 oz.,85,220.0,24,12,11.0,0.0,0.0,Meat Poultry,2,2.641235922120503,-1.025071732130545
Corned beef,3 oz.,85,185.0,22,10,9.0,0.0,0.0,Meat Poultry,2,2.1995167051406472,-1.095330590246518
Corned beef hash canned,3 oz.,85,120.0,12,8,7.0,0.0,6.0,Meat Poultry,0,0.8007368887755459,-0.6464266596792487
Corned beef hash Dried,2 oz.,56,115.0,19,4,4.0,0.0,0.0,Meat Poultry,2,1.3291659178955766,-1.3423815116804294
Corned beef hash Stew,1 cup,235,185.0,15,10,9.0,0.0,15.0,Meat Poultry,2,1.4647999754361414,-0.35891340777452446
chicken,3 oz.,85,185.0,23,9,7.0,0.0,0.0,Meat Poultry,2,2.2580544461707155,-1.185404946307967
Fried breast or leg and thigh chicken,3 oz.,85,245.0,25,15,11.0,0.0,0.0,Meat Poultry,2,2.983605010168001,-0.9174734247179248
Roasted chicken,3 1/2 oz.,100,290.0,25,20,16.0,0.0,0.0,Meat Poultry,2,3.3945112273054363,-0.5978720985737358
Chicken livers fried,3 med.,100,140.0,22,14,12.0,0.0,2.3,Meat Poultry,2,2.196618381558198,-1.2328989502421577
Leg roasted,3 oz.,86,314.0,20,14,14.0,0.0,0.0,Meat Poultry,2,2.6998212156508883,-0.2019838825766438
Shoulder braised,3 oz.,85,285.0,18,23,21.0,0.0,0.0,Meat Poultry,2,2.7825404688821043,-0.05955445608805887
Pork chop 1 thick,3 1/2 oz.,100,260.0,16,21,18.0,0.0,0.0,Meat Poultry,2,2.3816336398045377,-0.07707840743923011
Ham pan-broiled,3 oz.,85,290.0,16,22,19.0,0.0,0.0,Meat Poultry,2,2.549520897826831,0.09758516199569164
Ham as ,2 oz.,57,170.0,13,13,11.0,0.0,0.0,Meat Poultry,0,1.3387578881240354,-0.46251684068377724
Ham canned spiced,2 oz.,57,165.0,8,14,12.0,0.0,1.0,Meat Poultry,0,0.8434091529417712,-0.08960733471930038
Pork roast,3 oz.,85,310.0,21,24,21.0,0.0,0.0,Meat Poultry,2,3.24198503898974,-0.1321048607983364
Veal,3 oz.,85,185.0,23,9,8.0,0.0,0.0,Meat Poultry,2,2.2580544461707155,-1.185404946307967
Roast,3 oz.,85,305.0,13,14,13.0,0.0,0.0,Meat Poultry,2,1.9351752191203593,0.2658632497815643
Clams,3 oz.,85,87.0,12,1,0.0,0.0,2.0,Fish Seafood,2,0.3497191837662794,-0.994626098393498
Crab meat,3 oz.,85,90.0,14,2,0.0,0.0,1.0,Fish Seafood,2,0.6158421239624534,-1.1243183666671046
Fish sticks fried,5,112,200.0,19,10,5.0,0.0,8.0,Fish Seafood,2,1.9451441104050406,-0.6774571045229363
Haddock,3 oz.,85,135.0,16,5,4.0,0.0,6.0,Fish Seafood,2,1.1415565290646796,-0.9111628746373255
Halibut,3 1/2 oz.,100,182.0,26,8,0.0,0.0,0.0,Fish Seafood,2,2.512324141521088,-1.438530788240722
Herring,1 small,100,211.0,22,13,0.0,0.0,0.0,Fish Seafood,2,2.441979196632879,-0.9088432852364849
Lobster,aver.,100,92.0,18,1,0.0,0.0,0.0,Fish Seafood,2,0.9949593074285353,-1.4394328377400891
Oyster stew,1 cup,85,125.0,19,6,1.0,0.0,0.0,Fish Seafood,2,1.4608784944287196,-1.2567289066345955
Salmon,3 oz.,85,120.0,17,5,1.0,0.0,0.0,Fish Seafood,2,1.1870465354711568,-1.1523241953156467
Sardines,3 oz.,85,180.0,22,9,4.0,0.0,0.0,Fish Seafood,2,2.1336604168740756,-1.1381568927694352
Scallops,3 1/2 oz.,100,104.0,18,8,0.0,0.0,10.0,Fish Seafood,2,1.3575502449285812,-1.1135332496217383
Shad,3 oz.,85,170.0,20,10,0.0,0.0,0.0,Fish Seafood,2,1.930322452596223,-1.0272019365518552
Shrimp,3 oz.,85,110.0,23,1,0.0,0.0,0.0,Fish Seafood,2,1.5883607823801331,-1.7125875401681099
Tuna,3 oz.,85,170.0,25,7,3.0,0.0,0.0,Fish Seafood,2,2.313911346377419,-1.4446560185780675
Artichoke,1 large,100,26.0,2,0,0.0,2.0,10.0,Vegetables A-E,0,-0.9925524416356878,-0.4758949924177878
Asparagus,6 spears,96,18.0,1,0,0.0,0.5,3.0,Vegetables A-E,0,-1.1227460199132278,-0.5497463493895363
Beans,1 cup,125,25.0,1,0,0.0,0.8,6.0,Vegetables A-E,0,-1.0961917159700936,-0.4681912059952908
Lima dry cooked,1 cup,192,260.0,16,0,0.0,2.0,48.0,Vegetables A-E,0,1.4010556949901791,0.28762660185002487
Navy baked with pork,3/4 cup,200,250.0,11,6,6.0,2.0,37.0,Vegetables A-E,0,1.117992743262736,0.5395759929143102
Bean sprouts,1 cup,50,17.0,1,0,0.0,0.3,3.0,Vegetables A-E,0,-1.1263912646159495,-0.5552991613018774
Beet greens,1 cup,100,27.0,2,0,0.0,1.4,6.0,Vegetables A-E,0,-0.9853493853066612,-0.5304217678556806
Broccoli,1 cup,150,45.0,5,0,0.0,1.9,8.0,Vegetables A-E,0,-0.6019204839029609,-0.6261660021487883
Brussels sprouts,1 cup,130,60.0,6,0,0.0,1.7,12.0,Vegetables A-E,0,-0.4380919078928017,-0.561996167751589
Sauerkraut,1 cup,150,32.0,1,0,0.0,1.2,7.0,Vegetables A-E,0,-1.0689484914325744,-0.41597755318651014
Steamed cabbage,1 cup,170,40.0,2,0,0.0,1.3,9.0,Vegetables A-E,0,-0.9334356604471398,-0.41778432287427597
Carrots,1 cup,150,45.0,1,0,0.0,0.9,10.0,Vegetables A-E,0,-1.0165987724855463,-0.30361942944096626
Raw grated,1 cup,110,45.0,1,0,0.0,1.2,10.0,Vegetables A-E,0,-1.0172527636168067,-0.30320044758717496
Strips from raw,1 mad.,50,20.0,0,0,0.0,0.5,5.0,Vegetables A-E,0,-1.2194782953164034,-0.4361027099122479
Cauliflower,1 cup,120,30.0,3,0,0.0,1.0,6.0,Vegetables A-E,0,-0.868245845415465,-0.5887754452188947
Celery,1 cup,100,20.0,1,0,0.0,1.0,4.0,Vegetables A-E,0,-1.1161269863706065,-0.5237604893452261
Stalk raw,1 large,40,5.0,1,0,0.0,0.3,1.0,Vegetables A-E,0,-1.1744592124605577,-0.6480622006230348
Chard steamed,1 cup,150,30.0,2,0,0.0,1.4,7.0,Vegetables A-E,0,-0.9735591277550436,-0.4998607202245425
Collards,1 cup,150,51.0,5,0,0.0,2.0,8.0,Vegetables A-E,0,-0.5776510482053413,-0.5943853974719768
Corn,1 ear,100,92.0,3,1,0.0,0.8,21.0,Vegetables A-E,0,-0.5761248343043773,-0.02453086134700405
cooked or canned,1 cup,200,170.0,5,0,0.0,1.6,41.0,Vegetables A-E,0,-0.10607578502237225,0.5190403454134641
Cucumbers,8,50,6.0,0,0,0.0,0.2,1.0,Vegetables A-E,0,-1.2741478119720706,-0.5693128636435523
Eggplant,1 cup,180,30.0,2,0,0.0,1.0,9.0,Vegetables A-E,0,-0.9735940572181677,-0.470938211492869
Endive,2 oz.,57,10.0,1,0,0.0,0.6,2.0,Vegetables A-E,0,-1.155160468459743,-0.606535189785145
Kale,1 cup,110,45.0,4,1,0.0,0.9,8.0,Vegetables F-P,0,-0.6582782544954938,-0.537488252266644
Kohlrabi,1 cup,140,40.0,2,0,0.0,1.5,9.0,Vegetables F-P,0,-0.9338716545346469,-0.41750500163841503
Lentils,1 cup,200,212.0,15,0,0.0,2.4,38.0,Vegetables F-P,0,1.1048309977293749,-0.0387325572453453
Lettuce,1/4 head,100,14.0,1,0,0.0,0.5,2.0,Vegetables F-P,0,-1.1386175162550738,-0.5855808876971547
Iceberg,1/4 head,100,13.0,0,0,0.0,0.5,3.0,Vegetables F-P,0,-1.2471400492098677,-0.5024982958510045
Mushrooms canned,4,120,12.0,2,0,0.0,0.0,4.0,Vegetables F-P,0,-1.0426090909094063,-0.640960527857305
Mustard greens,1,140,30.0,3,0,0.0,1.2,6.0,Vegetables F-P,0,-0.868681839502972,-0.5884961239830337
Okra,1 1/3 cups,100,32.0,1,0,0.0,1.0,7.0,Vegetables F-P,0,-1.0685124973450675,-0.41625687442237097
Onions,1,210,80.0,2,0,0.0,1.6,18.0,Vegetables F-P,0,-0.7749212293408677,-0.07376053354599887
Raw green,6 small,50,22.0,0,0,0.0,1.0,5.0,Vegetables F-P,0,-1.2124058029547138,-0.4248574254696355
Parsley,2 T.,50,2.0,0,0,0.0,0.0,0.0,Vegetables F-P,0,-1.2895833142264101,-0.6054267231870314
Peas,1 cup,100,66.0,3,0,0.0,0.1,13.0,Vegetables F-P,0,-0.7225334873069277,-0.2970026972150987
Fresh steamed peas,1 cup,100,70.0,5,0,0.0,2.2,12.0,Vegetables R-Z,0,-0.5023573405547764,-0.43494745097620185
Split cooked peas,4 cups,100,115.0,8,0,0.0,0.4,21.0,Vegetables R-Z,0,-0.006895271542048831,-0.2883356020048617
heated peas,1 cup,100,53.0,3,0,0.0,1.0,10.0,Vegetables R-Z,0,-0.7761911885164775,-0.40852285725306
Peppers canned,1 pod,38,10.0,0,0,0.0,0.0,2.0,Vegetables R-Z,0,-1.2578403215427172,-0.5337576465717948
Peppers Raw green sweet,1 large,100,25.0,1,0,0.0,1.4,6.0,Vegetables R-Z,0,-1.0974996982326148,-0.4673532422877081
Peppers with beef and crumbs,1 med.,150,255.0,19,9,8.0,1.0,24.0,Vegetables R-Z,2,2.11472683800956,-0.16662815065057612
Potatoes baked,1 med.,100,100.0,2,0,0.0,0.5,22.0,Vegetables R-Z,0,-0.6927123213312779,0.08913531559316046
French-fried,10 pieces,60,155.0,3,7,3.0,0.4,20.0,Vegetables R-Z,0,-0.04498077763331254,0.39115292804092505
Potatoes Mashed with milk and butter,1 cup,200,230.0,4,12,11.0,0.7,28.0,Vegetables R-Z,0,0.5880687768726705,0.9136870542259588
Potatoes pan-tried,3/4 cup,100,268.0,4,14,6.0,0.4,33.0,Vegetables R-Z,0,0.8324427365681369,1.2202812943679346
Scalloped with cheese potatoes,3/4 cup,100,145.0,6,8,7.0,0.4,14.0,Vegetables R-Z,0,0.2743411877307273,0.045586896043655234
Steamed potatoes before peeling,1 med.,100,80.0,2,0,0.0,0.4,19.0,Vegetables R-Z,0,-0.7727587236348942,-0.06069588535946652
Potato chips,10,20,110.0,1,7,4.0,0.0,10.0,Vegetables R-Z,0,-0.43120561751889774,0.1531124629524846
Radishes,5 small,50,10.0,0,0,0.0,0.3,2.0,Vegetables R-Z,0,-1.258494312673978,-0.5333386647180034
Rutabagas,4 cups,100,32.0,0,0,0.0,1.4,8.0,Vegetables R-Z,0,-1.1738257796846465,-0.3273421494280188
Spinach,1 cup,100,26.0,3,0,0.0,1.0,3.0,Vegetables R-Z,0,-0.883210424119173,-0.6540911347299083
Squash,1 cup,210,35.0,1,0,0.0,0.6,8.0,Vegetables R-Z,0,-1.0558502516184358,-0.38625446926295454
Sweet potatoes,1 med.,110,155.0,2,1,0.0,1.0,36.0,Vegetables R-Z,0,-0.4302325022389982,0.6027025134535053
Tomatoes,1 cup,240,50.0,2,0,0.0,1.0,9.0,Vegetables R-Z,0,-0.8919692814135906,-0.3654683979632653
Raw 2 by 2 1/2,1 med.,150,30.0,1,0,0.0,0.6,6.0,Vegetables R-Z,0,-1.0753495279314418,-0.44210307384875064
Tomato juice,1 cup,240,50.0,2,0,0.0,0.6,10.0,Vegetables R-Z,0,-0.8915507520576454,-0.35128646483328946
Tomato catsup,1 T.,17,15.0,0,0,0.0,0.0,4.0,Vegetables R-Z,0,-1.2383410452297112,-0.47790904198599876
Turnip greens,1 cup,145,45.0,4,1,0.0,1.8,8.0,Vegetables R-Z,0,-0.6602402278892757,-0.53623130670527
Turnips steamed,1 cup,155,40.0,1,0,0.0,1.8,9.0,Vegetables R-Z,0,-1.0385134810114032,-0.34347051286369085
Watercress stems raw,1 cup,50,9.0,1,0,0.0,0.3,1.0,Fruits A-F,0,-1.158134257299642,-0.626968237917114
Apple juice canned,1 cup,250,125.0,0,0,0.0,0.0,34.0,Fruits A-F,0,-0.8030085428766088,0.5443922004777495
Apple vinegar,1/3 cup,100,14.0,0,0,0.0,0.0,3.0,Fruits A-F,0,-1.2419688252008712,-0.4979231082641766
Apples raw,1 med,130,70.0,0,0,0.0,1.0,18.0,Fruits A-F,0,-1.0224013056716261,0.019897609823482404
Stewed or canned,1 cup,240,100.0,0,0,0.0,2.0,26.0,Fruits A-F,0,-0.9057717829548485,0.297423541110773
Apricots,1 cup,250,220.0,2,0,0.0,1.0,57.0,Fruits A-F,0,-0.21992471038999994,1.2385726459198507
Dried uncooked,1/2 cup,75,220.0,4,0,0.0,1.0,50.0,Fruits A-F,0,-0.00877482796552509,0.9881576028661019
Fresh,3 med.,114,55.0,1,0,0.0,0.7,14.0,Fruits A-F,0,-0.9771642257720267,-0.19220154150523483
Nectar or juice,1 cup,250,140.0,1,0,0.0,2.0,36.0,Fruits A-F,0,-0.6430689841908893,0.5821534172660237
Avocado,1/2 large,108,185.0,2,18,12.0,1.8,6.0,Fruits A-F,0,0.47671605305217474,0.5996076860292006
Banana,1 med.,150,85.0,1,0,0.0,0.9,23.0,Fruits A-F,0,-0.8592441855242895,0.0989476804403098
Blueberries,1 cup,250,245.0,1,0,0.0,2.0,65.0,Fruits A-F,0,-0.227689216969862,1.5633466307456734
Cantaloupe,1/2 med.,380,40.0,1,0,0.0,2.2,9.0,Fruits A-F,0,-1.0393854691864175,-0.3429118703919692
Cherries,1 cup,257,100.0,2,1,0.0,2.0,26.0,Fruits A-F,0,-0.6523460179484298,0.1666513764094235
Fresh raw,1 cup,114,65.0,1,0,0.0,0.8,15.0,Fruits A-F,0,-0.9370232937325608,-0.12458639852080505
Figs,2,42,120.0,2,0,0.0,1.9,30.0,Fruits A-F,0,-0.6177671746918026,0.3144849825873711
Fresh raw figs,3 med.,114,90.0,2,0,0.0,1.0,22.0,Fruits A-F,0,-0.7346146944523341,0.037098711918010785
figs Canned with syrup ,3,115,130.0,1,0,0.0,1.0,32.0,Fruits A-F,0,-0.6798875663793661,0.46905960191512697
Fruit cocktail canned,1 cup,256,195.0,1,0,0.0,0.5,50.0,Fruits A-F,0,-0.4216793185389659,1.0764685536272436
Grapefruit sections,1 cup,250,170.0,1,0,0.0,0.5,44.0,Fruits G-P,0,-0.5209895353802728,0.8561878331050534
"Grapefruit fresh 5"" diameter",1/2,285,50.0,1,0,0.0,1.0,14.0,Fruits G-P,0,-0.9982244108544315,-0.21815001303384451
Grapefruit juice,1 cup,250,100.0,1,0,0.0,1.0,24.0,Fruits G-P,0,-0.7986970595336794,0.1929302768071407
Grapes,1 cup,153,70.0,1,0,0.0,0.8,16.0,Fruits G-P,0,-0.9170705586004854,-0.08347836953670645
European as Muscat Tokay,1 cup,160,100.0,1,0,0.0,0.7,26.0,Fruits G-P,0,-0.7989499860405568,0.22199244615674454
Grape juice,1 cup,250,160.0,1,0,0.0,0.0,42.0,Fruits G-P,0,-0.5598050204256556,0.7732734720472041
Lemon juice,1/2 cup,125,30.0,0,0,0.0,0.0,10.0,Fruits G-P,0,-1.1798432162906929,-0.31036322822861023
Olives large,10,65,72.0,1,10,9.0,0.8,3.0,Fruits G-P,0,-0.44851217321785775,-0.09997037960065391
OlivesRipe,10,65,105.0,1,13,12.0,1.0,1.0,Fruits G-P,0,-0.17701008664339235,0.09422953017720642
"Oranges 3"" diameter",1 med.,180,60.0,2,0,0.0,1.0,16.0,Fruits G-P,0,-0.8543311052447854,-0.20954946198658037
Orange juice,8 oz. or,250,112.0,2,0,0.0,0.2,25.0,Fruits G-P,0,-0.6444438411744781,0.19621994866222414
Papaya,1/2 med.,200,75.0,1,0,0.0,1.8,18.0,Fruits G-P,0,-0.8997512527250145,-0.02623315877160598
Peaches,1 cup,257,200.0,1,0,0.0,1.0,52.0,Fruits G-P,0,-0.4032700274447273,1.133015461302692
Fresh raw,1 med.,114,35.0,1,0,0.0,0.6,10.0,Fruits G-P,0,-1.0567571692565738,-0.3567733180595593
Pears,1 cup,255,195.0,1,0,0.0,2.0,50.0,Fruits G-P,0,-0.42494927419526907,1.0785634628962002
Raw 3 by 2V,1 med.,182,100.0,1,1,0.0,2.0,25.0,Fruits G-P,0,-0.7558803944748566,0.22552630772865873
Persimmons,1 med.,125,75.0,1,0,0.0,2.0,20.0,Fruits G-P,0,-0.9010941644506599,0.0035273136676500227
Pineapple,1 large slice,122,95.0,0,0,0.0,0.4,26.0,Fruits G-P,0,-0.922690024205936,0.26882151784148495
Pineapple Crushed,1 cup,260,205.0,1,0,0.0,0.7,55.0,Fruits G-P,0,-0.3835702188195297,1.2031856596363941
Raw diced,1 cup,140,75.0,1,0,0.0,0.6,19.0,Fruits G-P,0,-0.897588747019041,-0.013168510585073678
Pineapple juice,1 cup,250,120.0,1,0,0.0,0.2,32.0,Fruits G-P,0,-0.7189559779316262,0.4152074102068816
Plums,1 cup,256,185.0,1,0,0.0,0.7,50.0,Fruits G-P,0,-0.46292770052876164,1.0240129680983026
"Raw 2"" diameter",1,60,30.0,0,0,0.0,0.2,7.0,Fruits G-P,0,-1.1789188339209922,-0.35430563379784213
Prune juice,1 cup,240,170.0,1,0,0.0,0.7,45.0,Fruits G-P,0,-0.521878988286849,0.8712077299426118
Raspberries,1/2 cup,100,100.0,0,0,0.0,2.0,25.0,Fruits R-Z,0,-0.9053183241357795,0.2826829655090754
Strawberries,1 cup,227,242.0,1,0,0.0,1.3,60.0,Fruits R-Z,0,-0.23613965993892827,1.4728456563822319
Raw,1 cup,149,54.0,0,0,0.0,1.9,12.0,Fruits R-Z,0,-1.0869423467946553,-0.15166474904901223
Tangerines,I med.,114,40.0,1,0,0.0,1.0,10.0,Fruits R-Z,0,-1.0372229634804442,-0.3298472222054368
Biscuits,1,38,130.0,3,4,3.0,0.0,18.0,Breads cereals fastfoodgrains,0,-0.2815831245221635,0.1798993200322551
Bran flakes,1 cup,25,117.0,3,0,0.0,0.1,32.0,Breads cereals fastfoodgrains,0,-0.5230060265675681,0.2520162637176449
Bread cracked wheat,1 slice,23,60.0,2,1,1.0,0.1,12.0,Breads cereals fastfoodgrains,0,-0.8051052022593003,-0.25330986081422874
Rye,1 slice,23,55.0,2,1,1.0,0.1,12.0,Breads cereals fastfoodgrains,0,-0.8255113962104447,-0.2796773141966296
Whole-wheat,1 slice,23,55.0,2,1,0.0,0.31,11.0,Breads cereals fastfoodgrains,0,-0.8255157311832578,-0.29412460250067324
Corn bread ground meal,1 serving,50,100.0,3,4,2.0,0.3,15.0,Breads cereals fastfoodgrains,0,-0.4033139029030829,-0.022108145213451946
Cornflakes,1 cup,25,110.0,2,0,0.0,0.1,25.0,Breads cereals fastfoodgrains,0,-0.6523883217111822,0.1855333066913334
Corn grits cooked,1 cup,242,120.0,8,0,0.0,0.2,27.0,Breads cereals fastfoodgrains,0,0.011226163582188087,-0.17380401624813607
Crackers,2 med.,14,55.0,1,1,0.0,0.0,10.0,Breads cereals fastfoodgrains,0,-0.9283743168740485,-0.23568261909702237
Soda 2 1/2 square,2,11,45.0,1,1,0.0,0.0,8.0,Breads cereals fastfoodgrains,0,-0.9682797871381988,-0.3178986770652195
Macaroni,1 cup,140,155.0,5,1,0.0,0.1,32.0,Breads cereals fastfoodgrains,0,-0.11449318753245319,0.3216367447225425
Baked with cheese,1 cup,220,475.0,18,25,24.0,0.0,44.0,Breads cereals fastfoodgrains,1,3.628923839617403,1.623911797198903
Muffins,1,48,135.0,4,5,4.0,0.0,19.0,Breads cereals fastfoodgrains,0,-0.11219245972916547,0.16385069123593698
Noodles,1 cup,160,200.0,7,2,2.0,0.1,37.0,Breads cereals fastfoodgrains,0,0.3203210289389188,0.5018745384712894
"Pancakes 4"" diam.",4,108,250.0,7,9,0.0,0.1,28.0,Breads cereals fastfoodgrains,0,0.8466147580299742,0.7480958358636332
"Wheat pancakes 4"" diam.",4,108,250.0,7,9,0.0,0.1,28.0,Breads cereals fastfoodgrains,0,0.8466147580299742,0.7480958358636332
"Pizza 14"" diam.",1 section,75,180.0,8,6,5.0,0.0,23.0,Breads cereals fastfoodgrains,0,0.5310508862522666,0.18211689554112054
Popcorn salted,2 cups,28,152.0,3,7,2.0,0.5,20.0,Breads cereals fastfoodgrains,0,-0.057442491047752786,0.3754721166294149
Puffed rice,1 cup,14,55.0,0,0,0.0,0.0,12.0,Breads cereals fastfoodgrains,0,-1.0787191641731093,-0.1490448101132104
Puffed wheat presweetened,1 cup,28,105.0,1,0,0.0,0.6,26.0,Breads cereals fastfoodgrains,0,-0.7783257950456587,0.24822023892121506
Rice flakes,1 cup,30,115.0,2,0,0.0,0.1,26.0,Breads cereals fastfoodgrains,0,-0.632435586579107,0.22664133567543185
Rice polish,1/2 cup,50,132.0,6,6,0.0,1.2,28.0,Breads cereals fastfoodgrains,0,0.12229249500990202,0.15159916233559034
Rolls,1 large,50,411.0,3,12,11.0,0.1,23.0,Breads cereals fastfoodgrains,0,1.2263604389164662,1.8672635318737356
of refined flour,1,38,115.0,3,2,2.0,0.0,20.0,Breads cereals fastfoodgrains,0,-0.43460881264458917,0.09736041280741525
whole-wheat,1,40,102.0,4,1,0.0,0.1,20.0,Breads cereals fastfoodgrains,0,-0.4293451729312493,-0.06112966143034565
Spaghetti with meat sauce,1 cup,250,285.0,13,10,6.0,0.5,35.0,Breads cereals fastfoodgrains,0,1.6547890221678871,0.6111764888389638
with tomatoes and cheese,1 cup,250,210.0,6,5,3.0,0.5,36.0,Breads cereals fastfoodgrains,0,0.3930773350860483,0.6634195664485965
Spanish rice,1 cup,250,217.0,4,4,0.0,1.2,40.0,Breads cereals fastfoodgrains,0,0.1648804270286809,0.8910460926176109
Shredded wheat biscuit,1,28,100.0,3,1,0.0,0.7,23.0,Breads cereals fastfoodgrains,0,-0.5441638445769311,0.0469985546503022
Waffles,1,75,240.0,8,9,1.0,0.1,30.0,Breads cereals fastfoodgrains,0,0.9088832878350429,0.6512265733812936
Wheat meal cereal unrefined,3/4 cup,30,103.0,4,1,0.0,0.7,25.0,Breads cereals fastfoodgrains,0,-0.4288392104988873,0.018684670962205135
Bean soups,1 cup,250,190.0,8,5,4.0,0.6,30.0,Soups,0,0.5219309858431231,0.32241494608487203
Beef soup,1 cup,250,100.0,6,4,4.0,0.5,11.0,Soups,0,-0.0899725556778267,-0.30163764714717983
Bouillon,1 cup,240,24.0,5,0,0.0,0.0,0.0,Soups,0,-0.6798568841138969,-0.8574874629091314
chicken soup,1 cup,250,75.0,4,2,2.0,0.0,10.0,Soups,0,-0.48933594071755715,-0.33460047718970093
Clam chowder,1 cup,255,85.0,5,2,8.0,0.5,12.0,Soups,0,-0.34653262032667886,-0.3253016230527846
Cream soups,1 cup,255,200.0,7,12,11.0,1.2,18.0,Soups,0,0.7810397221742145,0.387928360241431
Noodle,1 cup,250,115.0,6,4,3.0,0.2,13.0,Soups,0,-0.02900690033127129,-0.19347311765037334
Split-pea soup,1 cup,250,147.0,8,3,3.0,0.5,25.0,Soups,0,0.25802282037152663,-0.011105389911226615
Tomato soup,1 cup,245,175.0,6,7,6.0,0.5,22.0,Soups,0,0.3474825895258597,0.30539703262905593
Vegetable,1 cup,250,80.0,4,2,2.0,0.0,14.0,Soups,0,-0.4707435820426892,-0.24927072140050982
Apple betty,1 serving,100,150.0,1,4,0.0,0.5,29.0,Desserts sweets,0,-0.4140120516371052,0.5954447821120501
Bread pudding,3/4 cup,200,374.0,11,12,11.0,0.2,56.0,Desserts sweets,0,1.8920751483689293,1.5697989769504563
Cakes,1 slice,40,110.0,3,0,0.0,0.0,23.0,Desserts sweets,0,-0.5472755716837948,0.082296987949075
Cupcake,1,50,160.0,3,3,2.0,0.0,31.0,Desserts sweets,0,-0.21049101977862283,0.5132726740082133
Fruit cake,1 slice,30,105.0,2,4,3.0,0.2,17.0,Desserts sweets,0,-0.4875844648918187,0.10721630567534651
Gingerbread,1 slice,55,180.0,2,7,6.0,0.0,28.0,Desserts sweets,0,-0.04969332560062523,0.7139716642157214
Plain with no icing,1 slice,55,180.0,4,5,4.0,0.0,31.0,Desserts sweets,0,0.06602178000230441,0.5780446788979163
Sponge cake,1 slice,40,115.0,3,2,2.0,0.0,22.0,Desserts sweets,0,-0.4355157302827274,0.12684156401081043
Candy,5,25,104.0,0,3,3.0,0.0,19.0,Desserts sweets,0,-0.7455623922390969,0.26191680966775005
Chocolate creams,2,30,130.0,0,4,4.0,0.0,24.0,Desserts sweets,0,-0.5962673834730648,0.48918929440523895
Hard candies,1 oz.,28,90.0,0,0,0.0,0.0,28.0,Desserts sweets,0,-0.9431311476202043,0.2713765731907575
Marshmallows,5,30,98.0,1,0,0.0,0.0,23.0,Desserts sweets,0,-0.8042261078575325,0.16624611367317824
Milk chocolate,2-oz. bar,56,290.0,2,6,6.0,0.2,44.0,Desserts sweets,0,0.34610151181651033,1.5137253203510486
Chocolate syrup,2 T.,40,80.0,0,0,0.0,0.0,22.0,Desserts sweets,0,-0.9812227826080787,0.13019821281577
Doughnuts,1,33,135.0,2,7,4.0,0.0,17.0,Desserts sweets,0,-0.228361024151164,0.31451825215543966
Gelatin made with water,1 cup,239,155.0,4,0,0.0,0.0,36.0,Desserts sweets,0,-0.26552695542589855,0.4376160442918191
Honey,2 T.,42,120.0,0,0,0.0,0.0,30.0,Jams Jellies,0,-0.8216009015514766,0.4590624446885583
Ices,1 cup,150,117.0,0,0,0.0,0.0,48.0,Desserts sweets,0,-0.8420068766654069,0.7085723334896742
preserves,1 T.,20,55.0,0,0,0.0,0.0,14.0,Jams Jellies,0,-1.0796260818112473,-0.11956365890981524
Jellies,1 T.,20,50.0,0,0,0.0,0.0,13.0,Jams Jellies,0,-1.099578816943323,-0.16067168789391384
Cane Syrup,1 T.,20,50.0,0,0,0.0,0.0,13.0,Jams Jellies,0,-1.099578816943323,-0.16067168789391384
"9"" diam. pie",1 slice,135,330.0,3,13,11.0,0.1,53.0,Desserts sweets,0,0.9276264266512826,1.8987869042702834
Cherry Pie,1 slice,135,340.0,3,13,11.0,0.1,55.0,Desserts sweets,0,0.9675318969154332,1.9810029622384806
Custard,1 slice,130,265.0,7,11,10.0,0.0,34.0,Desserts sweets,0,0.9962307726436005,0.9484196872841231
Lemon meringue,1 slice,120,300.0,4,12,10.0,0.1,45.0,Desserts sweets,0,0.8673546745270376,1.5325832231008483
Mince,1 slice,135,340.0,3,9,8.0,0.7,62.0,Desserts sweets,0,0.7812493256577195,2.019189558595882
3 teaspoons sugar,1 T.,12,50.0,0,0,0.0,0.0,12.0,Desserts sweets,0,-1.0991253581242537,-0.1754122634956114
Syrup,2 T.,40,100.0,0,0,0.0,0.0,25.0,Jams Jellies,0,-0.9009583832607088,0.27988975315046655
table blends sugar,2 T.,40,110.0,0,0,0.0,0.0,29.0,Jams Jellies,0,-0.8619598306346964,0.39158696232205886
Tapioca cream pudding,1 cup,250,335.0,10,10,9.0,0.0,42.0,Desserts sweets,0,1.544803229128128,1.1981832695480026
coconut sweetened,1/2 cup,50,274.0,1,20,19.0,2.0,26.0,Seeds and Nuts,0,0.8173534881990135,1.470572394707715
Peanut butter,1/3 cup,50,300.0,12,25,17.0,0.9,9.0,Seeds and Nuts,2,2.3046891245280148,0.6280807698424253
Peanut butter natural,1/3 cup,50,284.0,13,24,10.0,0.9,8.0,Seeds and Nuts,2,2.298380503733491,0.4388899873555958
Peanuts,1/3 cup,50,290.0,13,25,16.0,1.2,9.0,Seeds and Nuts,2,2.3672105808399615,0.502149338010482
Beer,2 cups,480,228.0,0,0,0.0,0.0,8.0,DrinksAlcohol Beverages,0,-0.3708510181872394,0.7043067745110718
Gin,1 oz.,28,70.0,0,0,0.0,0.0,0.0,DrinksAlcohol Beverages,0,-1.0120590764908473,-0.2468293571863786
Wines,1/2 cup,120,164.0,0,0,0.0,0.0,9.0,DrinksAlcohol Beverages,0,-0.6325037595809558,0.3815439468180374
Table (12.2% alcohol),1/2 cup,120,100.0,0,0,0.0,0.0,5.0,DrinksAlcohol Beverages,0,-0.891889206879327,-0.01492175888348507
Carbonated drinks Artificially sweetened,12 oz.,346,0.0,0,0,0.0,0.0,0.0,DrinksAlcohol Beverages,0,-1.297745791806868,-0.615973704539992
Club soda,12 oz.,346,0.0,0,0,0.0,0.0,0.0,DrinksAlcohol Beverages,0,-1.297745791806868,-0.615973704539992
Cola drinks,12 oz.,346,137.0,0,0,0.0,0.0,38.0,DrinksAlcohol Beverages,0,-0.7558475126701388,0.6666363910023021
Fruit-flavored soda,12 oz.,346,161.0,0,0,0.0,0.0,42.0,DrinksAlcohol Beverages,0,-0.6597116169809224,0.8521624696446171
Ginger ale,12 oz.,346,105.0,0,0,0.0,0.0,28.0,DrinksAlcohol Beverages,0,-0.8819125657667716,0.3504789333379603
Root beer,12 oz.,346,140.0,0,0,0.0,0.0,35.0,DrinksAlcohol Beverages,0,-0.7422434198422448,0.6382351362266498
Coffee,1 cup,230,3.0,0,0,0.0,0.0,1.0,DrinksAlcohol Beverages,0,-1.2859555342552502,-0.5854126569088538
Tea,1 cup,230,4.0,0,0,0.0,0.0,1.0,DrinksAlcohol Beverages,0,-1.2818742954650215,-0.5801391662323736
