Calories,Protein,Fat,Fiber,Carbs
3.0,3.0,3.0,-0.2966914493528828,0.6336491269315111
1.396614405875953,3.0,-0.8573891280584087,-0.2966914493528828,0.7450385136645622
-0.5021814342039244,0.05984064262977395,-0.3500673522498044,-0.2966914493528828,-0.3410080069826857
1.27437433033433,1.0431794296736487,1.1718979751760088,-0.2966914493528828,-0.03468719346679526
3.0,3.0,3.0,-0.12305532751794021,2.6108107414431676
2.659761853139391,2.588426095028309,1.983612816469776,-0.2966914493528828,0.38302300678214624
0.8261607200150458,3.0,-0.8573891280584087,-0.2966914493528828,0.4665650468319345
0.8261607200150458,3.0,-0.8573891280584087,-0.17266564804220952,0.4665650468319345
-0.192506576165146,-0.08063632694792246,0.15725442355879998,-0.2966914493528828,-0.39670270034921123
3.0,2.16699518629522,1.5777553958228923,-0.2966914493528828,1.2462907539632921
0.3779471096957614,-0.08063632694792246,0.25871877872052085,-0.2966914493528828,0.021007499899730272
-0.4940320958344827,1.3241333688290415,-0.45153170741152526,-0.17266564804220952,-0.3410080069826857
0.7039206444734227,0.05984064262977395,0.15725442355879998,-0.2966914493528828,0.410870353465409
0.7854140281678381,0.6217485209405595,0.5631118442056835,-0.2966914493528828,0.07670219326625581
0.907654103709461,-0.36159026610331524,0.968969264852567,-0.2966914493528828,0.10454953994951857
0.7039206444734227,0.05984064262977395,0.15725442355879998,-0.2966914493528828,0.18809157999930687
-0.15175988431793833,-0.642544205258708,0.6645761993674043,-0.2966914493528828,-0.5637867804487878
1.9670680917368606,-0.9234981444141008,3.0,-0.17266564804220952,-0.6194814738153134
0.41869380154296904,3.0,0.25871877872052085,-0.2966914493528828,-0.535939433765525
0.05197357491810002,3.0,-0.8573891280584087,-0.2966914493528828,-0.535939433765525
-0.9666937212620916,-0.642544205258708,-0.2486029970880835,-0.2966914493528828,-0.7030235138651016
0.30460306437078755,0.7622254905182558,1.0704336200142879,-0.2966914493528828,-0.6751761671818388
-0.681466878331638,-0.9234981444141008,0.25871877872052085,-0.2966914493528828,-0.6751761671818388
-0.681466878331638,-0.22111329652561884,0.05579006839707911,-0.2966914493528828,-0.7030235138651016
-0.681466878331638,-0.36159026610331524,0.05579006839707911,-0.2966914493528828,-0.7030235138651016
-0.681466878331638,-0.22111329652561884,-0.04567428676464176,-0.2966914493528828,-0.7030235138651016
-0.314746651706769,0.48127155136286315,0.3601831338822417,-0.2966914493528828,-0.7030235138651016
0.25570703415413837,0.6217485209405595,0.7660405545291252,-0.2966914493528828,-0.6751761671818388
-0.559226802790015,-0.36159026610331524,0.15725442355879998,-0.2966914493528828,-0.7030235138651016
-0.7222135701788457,-1.2044520835694936,0.25871877872052085,-0.2966914493528828,-0.7030235138651016
-0.6162721713761057,3.0,3.0,3.0,2.5829633947599047
-0.6162721713761057,3.0,3.0,3.0,2.5829633947599047
3.0,-1.2044520835694936,3.0,-0.2966914493528828,-0.7030235138651016
3.0,-1.2044520835694936,3.0,-0.2966914493528828,-0.7030235138651016
3.0,-1.2044520835694936,3.0,-0.2966914493528828,-0.7030235138651016
-0.7222135701788457,-1.2044520835694936,0.25871877872052085,-0.2966914493528828,-0.7030235138651016
-0.6407201864844303,-1.2044520835694936,0.3601831338822417,-0.2966914493528828,-0.7030235138651016
-0.5184801109428073,-1.2044520835694936,0.5631118442056835,-0.2966914493528828,-0.7030235138651016
-0.5184801109428073,-1.2044520835694936,0.5631118442056835,-0.2966914493528828,-0.7030235138651016
-0.5184801109428073,-1.2044520835694936,0.5631118442056835,-0.2966914493528828,-0.7030235138651016
-1.048187104956507,-1.2044520835694936,-0.2486029970880835,-0.2966914493528828,-0.6473288204985761
-0.925947029414884,-1.2044520835694936,-0.04567428676464176,-0.2966914493528828,-0.6751761671818388
-0.7629602620260534,-0.642544205258708,-0.04567428676464176,-0.2966914493528828,-0.6751761671818388
0.4594404933901767,2.0265182167175237,0.7660405545291252,-0.2966914493528828,-0.7030235138651016
0.4594404933901767,1.7455642775621307,0.8675049096908461,-0.2966914493528828,-0.7030235138651016
-0.029519808776315316,2.16699518629522,0.15725442355879998,-0.2966914493528828,-0.7030235138651016
1.641094556959199,1.0431794296736487,2.795327657763543,-0.2966914493528828,-0.7030235138651016
1.1521342547927071,1.6050873079844343,1.882148461308055,-0.2966914493528828,-0.7030235138651016
0.25570703415413837,2.16699518629522,0.3601831338822417,-0.2966914493528828,-0.7030235138651016
-0.029519808776315316,1.8860412471398271,0.15725442355879998,-0.2966914493528828,-0.7030235138651016
-0.559226802790015,0.48127155136286315,-0.04567428676464176,-0.2966914493528828,-0.535939433765525
-0.5999734946372227,1.464610338406738,-0.45153170741152526,-0.2966914493528828,-0.7030235138651016
2.374535010208937,1.3241333688290415,1.983612816469776,-0.2966914493528828,0.18809157999930687
-0.029519808776315316,0.9027024600959522,0.15725442355879998,-0.2966914493528828,-0.28531331361616014
-0.029519808776315316,2.0265182167175237,0.05579006839707911,-0.2966914493528828,-0.7030235138651016
0.4594404933901767,2.307472155872916,0.6645761993674043,-0.2966914493528828,-0.7030235138651016
0.8261607200150458,2.307472155872916,1.1718979751760088,-0.2966914493528828,-0.7030235138651016
-0.39624003540118435,1.8860412471398271,0.5631118442056835,-0.2966914493528828,-0.6389746164935972
1.4781077895703685,1.0431794296736487,1.983612816469776,-0.2966914493528828,-0.7030235138651016
2.374535010208937,2.16699518629522,2.693863302601822,-0.2966914493528828,-0.7030235138651016
1.0217448408816425,1.6050873079844343,0.5631118442056835,-0.2966914493528828,-0.7030235138651016
0.7854140281678381,1.3241333688290415,1.4762910406611713,-0.2966914493528828,-0.7030235138651016
0.5816805689317996,1.0431794296736487,1.2733623303377295,-0.2966914493528828,-0.7030235138651016
0.8261607200150458,1.0431794296736487,1.3748266854994504,-0.2966914493528828,-0.7030235138651016
-0.15175988431793833,0.6217485209405595,0.46164748904396263,-0.2966914493528828,-0.7030235138651016
-0.192506576165146,-0.08063632694792246,0.5631118442056835,-0.2966914493528828,-0.6751761671818388
0.9891474874038765,1.7455642775621307,1.5777553958228923,-0.2966914493528828,-0.7030235138651016
2.3337883183617296,1.3241333688290415,3.0,-0.2966914493528828,-0.7030235138651016
0.6224272607790073,2.588426095028309,0.6645761993674043,-0.2966914493528828,-0.7030235138651016
-0.029519808776315316,2.0265182167175237,0.05579006839707911,-0.2966914493528828,-0.7030235138651016
0.9484007955566687,0.6217485209405595,0.5631118442056835,-0.2966914493528828,-0.7030235138651016
-0.8281549689815856,0.48127155136286315,-0.7559247728966879,-0.2966914493528828,-0.6473288204985761
-0.15175988431793833,2.7289030646060053,-0.3500673522498044,-0.2966914493528828,-0.7030235138651016
-0.803706953873261,0.7622254905182558,-0.654460417734967,-0.2966914493528828,-0.6751761671818388
0.09272026676530769,1.464610338406738,0.15725442355879998,-0.2966914493528828,-0.4802447403989995
0.09272026676530769,3.0,-0.04567428676464176,-0.2966914493528828,-0.7030235138651016
-0.43698672724839194,1.0431794296736487,-0.3500673522498044,-0.2966914493528828,-0.535939433765525
-0.05396782388463992,2.4479491254506125,-0.04567428676464176,-0.2966914493528828,-0.7030235138651016
0.18236298882916457,1.8860412471398271,0.46164748904396263,-0.2966914493528828,-0.7030235138651016
-0.787408277134378,1.3241333688290415,-0.7559247728966879,-0.2966914493528828,-0.7030235138651016
0.34534975621799524,3.0,3.0,3.0,3.0
-0.5184801109428073,1.464610338406738,-0.2486029970880835,-0.2966914493528828,-0.7030235138651016
-0.559226802790015,1.1836563992513451,-0.3500673522498044,-0.2966914493528828,-0.7030235138651016
-0.07026650062352299,1.8860412471398271,0.05579006839707911,-0.2966914493528828,-0.7030235138651016
-0.6896162167010795,1.3241333688290415,-0.04567428676464176,-0.2966914493528828,-0.42455004703247395
-0.15175988431793833,1.6050873079844343,0.15725442355879998,-0.2966914493528828,-0.7030235138651016
-0.6407201864844303,2.0265182167175237,-0.7559247728966879,-0.2966914493528828,-0.7030235138651016
-0.07026650062352299,2.588426095028309,-0.2486029970880835,-0.2966914493528828,-0.7030235138651016
-0.15175988431793833,2.307472155872916,-0.14713864192636264,-0.2966914493528828,-0.7030235138651016
-1.3252646095175191,-0.9234981444141008,-0.8573891280584087,-0.04863984673153624,-0.42455004703247395
-1.3904593164730514,-1.0639751139917972,-0.8573891280584087,-0.23467854869754615,-0.6194814738153134
-1.3334139478869607,-1.0639751139917972,-0.8573891280584087,-0.19747080830434416,-0.535939433765525
-0.39624003540118435,-0.08063632694792246,-0.8573891280584087,0.07538595457913702,-0.03468719346679526
0.5816805689317996,1.0431794296736487,-0.8573891280584087,-0.04863984673153624,0.6336491269315111
0.5001871852373844,0.34079458178516675,-0.2486029970880835,-0.04863984673153624,0.3273283134156207
0.3372004178485537,0.9027024600959522,-0.7559247728966879,0.013373053923800391,0.4665650468319345
-1.398608654842493,-1.0639751139917972,-0.8573891280584087,-0.2594837089596808,-0.6194814738153134
-1.3171152711480776,-0.9234981444141008,-0.8573891280584087,-0.12305532751794021,-0.535939433765525
-1.17042718049813,-0.5020672356810116,-0.8573891280584087,-0.06104242686260358,-0.4802447403989995
-1.048187104956507,-0.36159026610331524,-0.8573891280584087,-0.08584758712473824,-0.36885535366594846
-1.2763685793008699,-1.0639751139917972,-0.8573891280584087,-0.14786048778007485,-0.5080920870822623
-1.2111738723453378,-0.9234981444141008,-0.8573891280584087,-0.13545790764900753,-0.45239739371573673
-1.17042718049813,-1.0639751139917972,-0.8573891280584087,-0.18506822817327684,-0.42455004703247395
-1.17042718049813,-1.0639751139917972,-0.8573891280584087,-0.14786048778007485,-0.42455004703247395
-1.3741606397341684,-1.2044520835694936,-0.8573891280584087,-0.23467854869754615,-0.5637867804487878
-1.292667256039753,-0.7830211748364044,-0.8573891280584087,-0.17266564804220952,-0.535939433765525
-1.3741606397341684,-1.0639751139917972,-0.8573891280584087,-0.17266564804220952,-0.5916341271320505
-1.4964007152757914,-1.0639751139917972,-0.8573891280584087,-0.2594837089596808,-0.6751761671818388
-1.292667256039753,-0.9234981444141008,-0.8573891280584087,-0.12305532751794021,-0.5080920870822623
-1.1215311502814809,-0.5020672356810116,-0.8573891280584087,-0.04863984673153624,-0.4802447403989995
-0.787408277134378,-0.7830211748364044,-0.7559247728966879,-0.19747080830434416,-0.11822923351658356
-0.15175988431793833,-0.5020672356810116,-0.8573891280584087,-0.09825016725580554,0.43871770014867173
-1.48825137690635,-1.2044520835694936,-0.8573891280584087,-0.2718862890907481,-0.6751761671818388
-0.8852003375676765,-0.5020672356810116,-0.7559247728966879,0.1001911148412717,-0.25746596693289736
-1.292667256039753,-0.9234981444141008,-0.8573891280584087,-0.17266564804220952,-0.45239739371573673
-1.4556540234285837,-1.0639751139917972,-0.8573891280584087,-0.2222759685664788,-0.6473288204985761
-1.17042718049813,-0.642544205258708,-0.7559247728966879,-0.18506822817327684,-0.4802447403989995
-1.2111738723453378,-0.9234981444141008,-0.8573891280584087,-0.11065274738687288,-0.45239739371573673
-1.1459791653898055,-0.5020672356810116,-0.8573891280584087,0.1001911148412717,-0.5080920870822623
0.1905123271986061,0.9027024600959522,-0.8573891280584087,0.0009704737927330528,0.35517566009888346
-1.4230566699508176,-1.0639751139917972,-0.8573891280584087,-0.23467854869754615,-0.6473288204985761
-1.4312060083202591,-1.2044520835694936,-0.8573891280584087,-0.23467854869754615,-0.6194814738153134
-1.4393553466897007,-0.9234981444141008,-0.8573891280584087,-0.2966914493528828,-0.5916341271320505
-1.292667256039753,-0.7830211748364044,-0.8573891280584087,-0.14786048778007485,-0.535939433765525
-1.2763685793008699,-1.0639751139917972,-0.8573891280584087,-0.17266564804220952,-0.5080920870822623
-0.8852003375676765,-0.9234981444141008,-0.8573891280584087,-0.09825016725580554,-0.20177127356637184
-1.3578619629952855,-1.2044520835694936,-0.8573891280584087,-0.17266564804220952,-0.5637867804487878
-1.5208487303841158,-1.2044520835694936,-0.8573891280584087,-0.2966914493528828,-0.7030235138651016
-0.7629602620260534,-0.9234981444141008,-0.7559247728966879,0.07538595457913702,-0.0903818868333208
-0.9992910747398579,-0.7830211748364044,-0.8573891280584087,-0.28428886922181545,-0.3410080069826857
-0.9666937212620916,-0.5020672356810116,-0.8573891280584087,-0.023834686469401567,-0.36885535366594846
-0.5999734946372227,-0.08063632694792246,-0.8573891280584087,-0.2470811288286135,-0.11822923351658356
-1.1052324735425978,-0.7830211748364044,-0.8573891280584087,-0.17266564804220952,-0.42455004703247395
-1.4556540234285837,-1.2044520835694936,-0.8573891280584087,-0.2966914493528828,-0.6473288204985761
-1.3334139478869607,-1.0639751139917972,-0.8573891280584087,-0.12305532751794021,-0.535939433765525
0.5409338770845921,1.464610338406738,0.05579006839707911,-0.17266564804220952,-0.03468719346679526
-0.7222135701788457,-0.9234981444141008,-0.8573891280584087,-0.23467854869754615,-0.0903818868333208
-0.2739999598595613,-0.7830211748364044,-0.14713864192636264,-0.2470811288286135,-0.14607658019984632
0.3372004178485537,-0.642544205258708,0.3601831338822417,-0.2098733884354115,0.07670219326625581
0.646875275887332,-0.642544205258708,0.5631118442056835,-0.2470811288286135,0.21593892668256964
-0.35549334355397666,-0.36159026610331524,-0.04567428676464176,-0.2470811288286135,-0.3131606602994229
-0.8852003375676765,-0.9234981444141008,-0.8573891280584087,-0.2470811288286135,-0.1739239268831091
-0.6407201864844303,-1.0639751139917972,-0.14713864192636264,-0.2966914493528828,-0.42455004703247395
-1.4556540234285837,-1.2044520835694936,-0.8573891280584087,-0.2594837089596808,-0.6473288204985761
-1.2763685793008699,-1.2044520835694936,-0.8573891280584087,-0.12305532751794021,-0.4802447403989995
0.5816805689317996,1.8860412471398271,0.25871877872052085,0.1001911148412717,-0.14607658019984632
-1.3252646095175191,-0.7830211748364044,-0.8573891280584087,-0.17266564804220952,-0.6194814738153134
-1.2519205641925453,-1.0639751139917972,-0.8573891280584087,-0.2222759685664788,-0.4802447403989995
-0.7629602620260534,-0.642544205258708,-0.8573891280584087,0.025775634054867727,-0.06253454015005802
-0.2739999598595613,-0.9234981444141008,-0.7559247728966879,-0.17266564804220952,0.2994809667323579
0.3779471096957614,-0.9234981444141008,-0.2486029970880835,-0.11065274738687288,1.5247642207959198
-1.1296804886509224,-0.9234981444141008,-0.8573891280584087,-0.17266564804220952,-0.45239739371573673
-1.292667256039753,-1.0639751139917972,-0.8573891280584087,-0.2222759685664788,-0.535939433765525
-1.1296804886509224,-0.9234981444141008,-0.8573891280584087,-0.2222759685664788,-0.42455004703247395
-1.414907331581376,-1.2044520835694936,-0.8573891280584087,-0.2966914493528828,-0.5916341271320505
-1.17042718049813,-0.642544205258708,-0.7559247728966879,-0.07344500699367089,-0.4802447403989995
-1.2111738723453378,-1.0639751139917972,-0.8573891280584087,-0.07344500699367089,-0.45239739371573673
-1.4638033617980253,-1.0639751139917972,-0.8573891280584087,-0.2594837089596808,-0.6751761671818388
-0.5184801109428073,-1.2044520835694936,-0.8573891280584087,-0.2966914493528828,0.2437862733658324
-1.4230566699508176,-1.2044520835694936,-0.8573891280584087,-0.2966914493528828,-0.6194814738153134
-0.9666937212620916,-1.2044520835694936,-0.8573891280584087,-0.17266564804220952,-0.20177127356637184
-0.7222135701788457,-1.2044520835694936,-0.8573891280584087,-0.04863984673153624,0.021007499899730272
0.25570703415413837,-0.9234981444141008,-0.8573891280584087,-0.17266564804220952,0.884275247080876
0.25570703415413837,-0.642544205258708,-0.8573891280584087,-0.17266564804220952,0.6893438202980366
-1.0889337968037147,-1.0639751139917972,-0.8573891280584087,-0.2098733884354115,-0.3131606602994229
-0.39624003540118435,-1.0639751139917972,-0.8573891280584087,-0.04863984673153624,0.2994809667323579
-0.029519808776315316,-0.9234981444141008,0.968969264852567,-0.07344500699367089,-0.535939433765525
-0.8444536457204688,-1.0639751139917972,-0.8573891280584087,-0.18506822817327684,-0.06253454015005802
-0.8444536457204688,-0.9234981444141008,-0.7559247728966879,0.5218788392975607,-0.1739239268831091
0.4594404933901767,-1.0639751139917972,-0.8573891280584087,-0.04863984673153624,1.1070540205469783
-1.2111738723453378,-1.0639751139917972,-0.8573891280584087,-0.023834686469401567,-0.45239739371573673
-0.7222135701788457,-0.9234981444141008,-0.7559247728966879,-0.04863984673153624,0.021007499899730272
-1.0074404131092993,-1.0639751139917972,-0.8573891280584087,-0.19747080830434416,-0.28531331361616014
2.782001928681014,-1.2044520835694936,-0.8573891280584087,-0.14786048778007485,3.0
2.578268469444976,-0.642544205258708,-0.8573891280584087,0.149801435365541,3.0
-0.559226802790015,-0.9234981444141008,-0.8573891280584087,-0.06104242686260358,0.13239688663278135
-0.803706953873261,-0.9234981444141008,-0.8573891280584087,-0.17266564804220952,-0.0903818868333208
-0.4777334190955997,-1.0639751139917972,-0.8573891280584087,-0.17266564804220952,0.18809157999930687
0.05197357491810002,-1.0639751139917972,-0.8573891280584087,-0.23467854869754615,0.6893438202980366
-0.15175988431793833,-1.0639751139917972,-0.8573891280584087,-0.23467854869754615,0.5222597401984601
-1.1296804886509224,-1.0639751139917972,-0.8573891280584087,-0.17266564804220952,-0.3131606602994229
-0.7222135701788457,-1.0639751139917972,-0.8573891280584087,-0.17266564804220952,-0.03468719346679526
-0.9666937212620916,-1.0639751139917972,-0.8573891280584087,-0.19747080830434416,-0.25746596693289736
-0.7222135701788457,-1.0639751139917972,-0.8573891280584087,-0.2098733884354115,0.021007499899730272
-0.23325326801235363,-1.0639751139917972,-0.8573891280584087,-0.2966914493528828,0.4665650468319345
-1.292667256039753,-1.2044520835694936,-0.8573891280584087,-0.2966914493528828,-0.42455004703247395
1.9670680917368606,-1.2044520835694936,-0.8573891280584087,-0.2966914493528828,2.4158793146603283
1.7633346325008221,-1.2044520835694936,-0.8573891280584087,-0.2966914493528828,2.304489927927277
-0.9503950445232087,-1.0639751139917972,0.15725442355879998,-0.19747080830434416,-0.6194814738153134
-0.681466878331638,-1.0639751139917972,0.46164748904396263,-0.17266564804220952,-0.6751761671818388
-1.048187104956507,-0.9234981444141008,-0.8573891280584087,-0.17266564804220952,-0.25746596693289736
-0.6244215097455473,-0.9234981444141008,-0.8573891280584087,-0.2718862890907481,-0.0068398467835324925
1.1521342547927071,-0.9234981444141008,-0.8573891280584087,-0.2470811288286135,1.4690695274293941
-0.925947029414884,-1.0639751139917972,-0.8573891280584087,-0.07344500699367089,-0.20177127356637184
0.09272026676530769,-1.0639751139917972,-0.8573891280584087,-0.17266564804220952,0.7450385136645622
-1.2519205641925453,-1.0639751139917972,-0.8573891280584087,-0.2222759685664788,-0.42455004703247395
0.05197357491810002,-1.0639751139917972,-0.8573891280584087,-0.04863984673153624,0.6893438202980366
-0.7222135701788457,-1.0639751139917972,-0.7559247728966879,-0.04863984673153624,-0.0068398467835324925
-0.925947029414884,-1.0639751139917972,-0.8573891280584087,-0.04863984673153624,-0.14607658019984632
-0.7629602620260534,-1.2044520835694936,-0.8573891280584087,-0.2470811288286135,0.021007499899730272
0.13346695861251534,-1.0639751139917972,-0.8573891280584087,-0.2098733884354115,0.8285805537143505
-0.925947029414884,-1.0639751139917972,-0.8573891280584087,-0.2222759685664788,-0.1739239268831091
-0.559226802790015,-1.0639751139917972,-0.8573891280584087,-0.2718862890907481,0.18809157999930687
-0.029519808776315316,-1.0639751139917972,-0.8573891280584087,-0.2098733884354115,0.6893438202980366
-1.292667256039753,-1.2044520835694936,-0.8573891280584087,-0.2718862890907481,-0.5080920870822623
0.907654103709461,-0.7830211748364044,-0.7559247728966879,-0.19747080830434416,1.5526115674791825
-0.15175988431793833,-1.0639751139917972,-0.8573891280584087,-0.2098733884354115,0.5501070868817228
0.3372004178485537,-0.9234981444141008,-0.8573891280584087,-0.2098733884354115,1.5804589141624452
-0.7222135701788457,-1.2044520835694936,-0.8573891280584087,-0.04863984673153624,-0.0068398467835324925
-1.0726351200648316,-1.2044520835694936,-0.8573891280584087,0.32343755720048356,-0.3131606602994229
1.6003478651119916,-1.0639751139917972,-0.8573891280584087,-0.06104242686260358,2.0260164610946494
0.43499247828185217,-1.0639751139917972,-0.8573891280584087,-0.13545790764900753,0.9678172871306644
-1.0970831351731563,-1.2044520835694936,-0.8573891280584087,-0.06104242686260358,-0.36885535366594846
-1.2111738723453378,-1.0639751139917972,-0.8573891280584087,-0.17266564804220952,-0.42455004703247395
-0.559226802790015,-0.9234981444141008,-0.7559247728966879,0.149801435365541,0.10454953994951857
-0.4777334190955997,-0.7830211748364044,-0.45153170741152526,-0.2966914493528828,-0.20177127356637184
-0.5836748178983395,-0.7830211748364044,-0.8573891280584087,-0.28428886922181545,0.18809157999930687
-1.048187104956507,-0.9234981444141008,-0.7559247728966879,-0.28428886922181545,-0.36885535366594846
-1.0889337968037147,-0.9234981444141008,-0.7559247728966879,-0.28428886922181545,-0.36885535366594846
3.0,3.0,0.6645761993674043,0.8195407624431766,3.0
3.0,3.0,0.5631118442056835,3.0,3.0
-1.0889337968037147,-0.9234981444141008,-0.7559247728966879,-0.2582434509465741,-0.39670270034921123
-0.7222135701788457,-0.7830211748364044,-0.45153170741152526,-0.2594837089596808,-0.28531331361616014
-0.6407201864844303,-0.9234981444141008,-0.8573891280584087,-0.28428886922181545,-0.0068398467835324925
-0.559226802790015,-0.08063632694792246,-0.8573891280584087,-0.2718862890907481,0.048854846582993036
1.396614405875953,0.05984064262977395,-0.45153170741152526,-0.09825016725580554,1.357680140696343
-1.0889337968037147,-1.0639751139917972,-0.7559247728966879,-0.2966914493528828,-0.42455004703247395
-1.17042718049813,-1.0639751139917972,-0.7559247728966879,-0.2966914493528828,-0.4802447403989995
-0.681466878331638,-0.7830211748364044,-0.8573891280584087,0.6955149611325033,-0.0903818868333208
2.2115482428201068,3.0,1.3748266854994504,0.06298337444806969,0.21593892668256964
1.7225879406536144,0.48127155136286315,-0.7559247728966879,-0.2594837089596808,1.6361536075289709
1.641094556959199,0.6217485209405595,-0.654460417734967,0.050580794317002346,1.496916874112657
-0.2739999598595613,-0.5020672356810116,-0.7559247728966879,-0.28428886922181545,0.18809157999930687
2.3337883183617296,1.3241333688290415,1.6792197509846132,-0.2966914493528828,0.5222597401984601
-0.43698672724839194,-0.642544205258708,-0.3500673522498044,-0.2966914493528828,-0.1739239268831091
0.09272026676530769,-0.22111329652561884,-0.654460417734967,-0.28428886922181545,0.3273283134156207
-0.314746651706769,-0.5020672356810116,-0.5529960625732461,0.2738272366762142,0.021007499899730272
0.5001871852373844,-0.22111329652561884,0.05579006839707911,-0.28428886922181545,0.07670219326625581
0.5001871852373844,-0.22111329652561884,0.05579006839707911,-0.28428886922181545,0.07670219326625581
-0.07026650062352299,-0.08063632694792246,-0.2486029970880835,-0.2966914493528828,-0.06253454015005802
-0.29844797496788594,-0.7830211748364044,-0.14713864192636264,-0.23467854869754615,-0.14607658019984632
-1.0889337968037147,-1.2044520835694936,-0.8573891280584087,-0.2966914493528828,-0.36885535366594846
-0.681466878331638,-1.0639751139917972,-0.8573891280584087,-0.2222759685664788,0.021007499899730272
3.0,0.9027024600959522,-0.5529960625732461,-0.14786048778007485,3.0
3.0,0.7622254905182558,-0.8573891280584087,-0.2470811288286135,3.0
3.0,0.7622254905182558,-0.8573891280584087,-0.2594837089596808,3.0
-0.5999734946372227,-0.9234981444141008,-0.8573891280584087,-0.28428886922181545,0.021007499899730272
-0.46143474235671655,-0.36159026610331524,-0.2486029970880835,-0.14786048778007485,0.07670219326625581
1.8122306627174714,-0.7830211748364044,0.3601831338822417,-0.28428886922181545,-0.06253454015005802
-0.5999734946372227,-0.7830211748364044,-0.654460417734967,-0.2966914493528828,-0.14607658019984632
-0.7059148934399626,-0.642544205258708,-0.7559247728966879,-0.28428886922181545,-0.14607658019984632
0.7854140281678381,0.6217485209405595,0.15725442355879998,-0.23467854869754615,0.27163362004909514
0.17421365045972304,-0.36159026610331524,-0.3500673522498044,-0.23467854869754615,0.2994809667323579
0.23125901904581378,-0.642544205258708,-0.45153170741152526,-0.14786048778007485,0.410870353465409
-0.7222135701788457,-0.7830211748364044,-0.7559247728966879,-0.2098733884354115,-0.06253454015005802
0.41869380154296904,-0.08063632694792246,0.05579006839707911,-0.28428886922181545,0.13239688663278135
0.4594404933901767,1.1836563992513451,-0.14713864192636264,0.013373053923800391,0.2437862733658324
0.5816805689317996,1.6050873079844343,-0.14713864192636264,0.013373053923800391,0.2994809667323579
-0.6977655550705211,-0.642544205258708,-0.7559247728966879,-0.2098733884354115,-0.0068398467835324925
0.7039206444734227,0.48127155136286315,-0.7559247728966879,0.24902207641407964,0.27163362004909514
0.011226883070892351,-0.08063632694792246,-0.3500673522498044,-0.2222759685664788,0.13239688663278135
-0.7222135701788457,-0.36159026610331524,-0.45153170741152526,-0.23467854869754615,-0.39670270034921123
-1.3415632862564022,-0.5020672356810116,-0.8573891280584087,-0.2966914493528828,-0.7030235138651016
-0.925947029414884,-0.642544205258708,-0.654460417734967,-0.2966914493528828,-0.42455004703247395
-0.8444536457204688,-0.5020672356810116,-0.654460417734967,-0.23467854869754615,-0.36885535366594846
0.09272026676530769,-0.22111329652561884,0.3601831338822417,-0.14786048778007485,-0.20177127356637184
-0.5999734946372227,-0.36159026610331524,-0.45153170741152526,-0.2718862890907481,-0.3410080069826857
-0.3391946668150936,-0.08063632694792246,-0.5529960625732461,-0.23467854869754615,-0.0068398467835324925
-0.11101319247073065,-0.36159026610331524,-0.14713864192636264,-0.23467854869754615,-0.0903818868333208
-0.8852003375676765,-0.642544205258708,-0.654460417734967,-0.2966914493528828,-0.3131606602994229
-0.314746651706769,-1.0639751139917972,-0.45153170741152526,-0.23467854869754615,0.10454953994951857
1.5107051430481344,0.34079458178516675,0.3601831338822417,-0.2718862890907481,0.8564279003976133
-0.6407201864844303,-0.7830211748364044,-0.8573891280584087,-0.2966914493528828,-0.06253454015005802
1.8855747080424452,-0.5020672356810116,0.5631118442056835,-0.2594837089596808,1.2462907539632921
-0.23325326801235363,-0.7830211748364044,-0.5529960625732461,-0.2966914493528828,0.1602442333160441
-0.681466878331638,-0.9234981444141008,-0.45153170741152526,-0.2718862890907481,-0.22961862024963461
-0.07026650062352299,-0.9234981444141008,-0.14713864192636264,-0.2966914493528828,0.07670219326625581
-0.07026650062352299,-0.642544205258708,-0.3500673522498044,-0.2966914493528828,0.1602442333160441
-0.5999734946372227,-0.7830211748364044,-0.654460417734967,-0.2966914493528828,-0.0903818868333208
-0.6896162167010795,-1.2044520835694936,-0.5529960625732461,-0.2966914493528828,-0.1739239268831091
-0.4777334190955997,-1.2044520835694936,-0.45153170741152526,-0.2966914493528828,-0.03468719346679526
1.4781077895703685,-1.2044520835694936,0.3601831338822417,-0.28428886922181545,1.5247642207959198
-0.803706953873261,-1.2044520835694936,-0.8573891280584087,-0.2966914493528828,0.07670219326625581
-0.7385122469177288,-1.0639751139917972,-0.8573891280584087,-0.2966914493528828,-0.06253454015005802
0.8261607200150458,-0.9234981444141008,-0.2486029970880835,-0.2718862890907481,0.5222597401984601
-0.8852003375676765,-1.2044520835694936,-0.8573891280584087,-0.2966914493528828,-0.0903818868333208
-0.43698672724839194,-0.9234981444141008,-0.14713864192636264,-0.2966914493528828,-0.22961862024963461
-0.2739999598595613,-0.642544205258708,-0.8573891280584087,-0.2966914493528828,0.2994809667323579
-0.559226802790015,-1.2044520835694936,-0.8573891280584087,-0.2966914493528828,0.13239688663278135
0.5001871852373844,-1.2044520835694936,-0.8573891280584087,0.94356656375385,-0.7030235138651016
-0.5836748178983395,-1.2044520835694936,-0.8573891280584087,-0.2966914493528828,0.6336491269315111
-1.0889337968037147,-1.2044520835694936,-0.8573891280584087,-0.2966914493528828,-0.3131606602994229
-1.1296804886509224,-1.2044520835694936,-0.8573891280584087,-0.2966914493528828,-0.3410080069826857
-1.17042718049813,-1.2044520835694936,-0.8573891280584087,0.6955149611325033,-0.39670270034921123
-1.1296804886509224,-1.2044520835694936,-0.8573891280584087,-0.2966914493528828,-0.3410080069826857
1.1521342547927071,-0.7830211748364044,0.46164748904396263,-0.28428886922181545,0.7728858603478249
1.2336276384871225,-0.7830211748364044,0.46164748904396263,-0.28428886922181545,0.8285805537143505
0.6224272607790073,-0.22111329652561884,0.25871877872052085,-0.2966914493528828,0.2437862733658324
0.907654103709461,-0.642544205258708,0.3601831338822417,-0.28428886922181545,0.5501070868817228
1.2336276384871225,-0.7830211748364044,0.05579006839707911,-0.2098733884354115,1.02351198049719
0.6224272607790073,-0.5020672356810116,0.3601831338822417,0.6955149611325033,0.2437862733658324
3.0,-1.2044520835694936,-0.8573891280584087,-0.2966914493528828,3.0
-1.1296804886509224,-1.2044520835694936,-0.8573891280584087,-0.2966914493528828,-0.36885535366594846
3.0,-1.2044520835694936,-0.8573891280584087,-0.2966914493528828,3.0
-0.7222135701788457,-1.2044520835694936,-0.8573891280584087,-0.2966914493528828,-0.0068398467835324925
-0.6407201864844303,-1.2044520835694936,-0.8573891280584087,-0.2966914493528828,0.10454953994951857
1.1928809466399146,0.20031761220747035,0.15725442355879998,-0.2966914493528828,0.4665650468319345
1.9263213998896527,0.6217485209405595,2.9982563680869845,-0.07344500699367089,-0.3410080069826857
2.040412137061834,0.6217485209405595,3.0,-0.07344500699367089,-0.3410080069826857
2.187100227711782,0.20031761220747035,3.0,-0.04863984673153624,-0.5080920870822623
1.6573932336980821,0.48127155136286315,2.3894702371166594,-0.18506822817327684,-0.14607658019984632
0.6957713061039812,-1.0639751139917972,1.1718979751760088,-0.04863984673153624,0.021007499899730272
0.907654103709461,0.48127155136286315,1.6792197509846132,-0.18506822817327684,-0.45239739371573673
0.7772646897983966,0.6217485209405595,1.5777553958228923,-0.18506822817327684,-0.4802447403989995
0.8261607200150458,0.6217485209405595,1.6792197509846132,-0.14786048778007485,-0.45239739371573673
1.258075653595447,-0.5020672356810116,2.693863302601822,-0.16026306791114217,-0.5080920870822623
0.7446673363206304,0.05984064262977395,1.5777553958228923,0.08778853471020437,-0.42455004703247395
0.7446673363206304,0.48127155136286315,1.780684106146334,-0.06104242686260358,-0.42455004703247395
1.1113875629454995,-0.22111329652561884,2.3894702371166594,-0.17266564804220952,-0.4802447403989995
0.3209017411096706,-1.2044520835694936,-0.8573891280584087,-0.2966914493528828,-0.4802447403989995
-0.9666937212620916,-1.2044520835694936,-0.8573891280584087,-0.2966914493528828,-0.7030235138651016
-0.20065591453458753,-1.2044520835694936,-0.8573891280584087,-0.2966914493528828,-0.45239739371573673
-0.7222135701788457,-1.2044520835694936,-0.8573891280584087,-0.2966914493528828,-0.5637867804487878
-1.5371474071229991,-1.2044520835694936,-0.8573891280584087,-0.2966914493528828,-0.7030235138651016
-1.5371474071229991,-1.2044520835694936,-0.8573891280584087,-0.2966914493528828,-0.7030235138651016
-0.42068805050950897,-1.2044520835694936,-0.8573891280584087,-0.2966914493528828,0.35517566009888346
-0.22510392964291215,-1.2044520835694936,-0.8573891280584087,-0.2966914493528828,0.4665650468319345
-0.681466878331638,-1.2044520835694936,-0.8573891280584087,-0.2966914493528828,0.07670219326625581
-0.39624003540118435,-1.2044520835694936,-0.8573891280584087,-0.2966914493528828,0.27163362004909514
-1.5126993920146745,-1.2044520835694936,-0.8573891280584087,-0.2966914493528828,-0.6751761671818388
-1.5045500536452332,-1.2044520835694936,-0.8573891280584087,-0.2966914493528828,-0.6751761671818388
